id,admin_name,left,top,width,height,center_x,center_y,drop_x,drop_y,drop_x,drop_y
AFG,Afghanistan,2728,749,181,120,2818.5,809.0,2789.5789322503256,808.5865069454215,2789.5789322503256,808.5865069454215
ALB,Albania,2259,701,37,52,2277.5,727.0,2275.6294484481987,726.5207279729773,2275.6294484481987,726.5207279729773
DZA,Algeria,1941,765,252,223,2067.0,876.5,2054.6844804431257,875.5087453639104,2054.6844804431257,875.5087453639104
AND,Andorra,2056,701,21,20,2066.5,711.0,2065.7690866775147,710.7011099534216,2065.7690866775147,710.7011099534216
AGO,Angola,2173,1237,158,172,2252.0,1323.0,2262.626322520641,1330.4205288675548,2262.626322520641,1330.4205288675548
ATG,Antigua and Barbuda,1331,985,24,26,1343.0,998.0,1344.987419142257,1000.3436770133325,1344.987419142257,1000.3436770133325
ARG,Argentina,1203,1435,243,395,1324.5,1632.5,1320.1649017645418,1616.6741307903994,1320.1649017645418,1616.6741307903994
ARM,Armenia,2534,717,53,44,2560.5,739.0,2558.1407790085,738.6581608789329,2558.1407790085,738.6581608789329
AUS,Australia,3325,1292,542,535,3596.0,1559.5,3562.167481861689,1478.2339547932434,3562.167481861689,1478.2339547932434
AUT,Austria,2148,629,104,47,2200.0,652.5,2215.9769625698327,652.0082951395548,2215.9769625698327,652.0082951395548
AZE,Azerbaijan,2549,710,84,57,2591.0,738.5,2591.013038470152,737.9963622286215,2591.013038470152,737.9963622286215
BHS,The Bahamas,1134,880,95,86,1181.5,923.0,1156.7161772828542,891.4168013198214,1156.7161772828542,891.4168013198214
BHR,Bahrain,2613,888,22,25,2624.0,900.5,2623.087355212221,898.8207603484437,2623.087355212221,898.8207603484437
BGD,Bangladesh,3041,884,70,84,3076.0,926.0,3070.3995746757123,925.2668749994658,3070.3995746757123,925.2668749994658
BRB,Barbados,1361,1035,20,20,1371.0,1045.0,1370.2694700457296,1044.5520103423996,1370.2694700457296,1044.5520103423996
BLR,Belarus,2304,548,125,73,2366.5,584.5,2366.7908665003524,583.6864108771547,2366.7908665003524,583.6864108771547
BEL,Belgium,2069,601,61,40,2099.5,621.0,2103.0966347929825,620.109246526577,2103.0966347929825,620.109246526577
BLZ,Belize,1025,976,33,47,1041.5,999.5,1038.5133570804194,998.9966862734217,1038.5133570804194,998.9966862734217
BEN,Benin,2049,1046,52,87,2075.0,1089.5,2073.9530372944414,1088.7760557283545,2073.9530372944414,1088.7760557283545
BTN,Bhutan,3050,864,55,36,3077.5,882.0,3075.3647688431547,881.5050365809914,3075.3647688431547,881.5050365809914
BOL,Bolivia,1247,1297,156,167,1325.0,1380.5,1316.5705085196664,1379.9861122730663,1316.5705085196664,1379.9861122730663
BIH,Bosnia and Herzegovina,2219,671,61,48,2249.5,695.0,2252.0682000062343,694.9660451384885,2252.0682000062343,694.9660451384885
BWA,Botswana,2267,1389,124,121,2329.0,1449.5,2326.4306127968644,1448.906542819555,2326.4306127968644,1448.906542819555
BRA,Brazil,1198,1127,530,461,1463.0,1357.5,1482.205737911674,1356.673278896355,1482.205737911674,1356.673278896355
BRN,Brunei,3337,1129,33,29,3353.5,1143.5,3350.3964318903195,1143.0349803235545,3350.3964318903195,1143.0349803235545
BGR,Bulgaria,2294,683,88,51,2338.0,708.5,2334.6026115393825,708.4689085610664,2334.6026115393825,708.4689085610664
BFA,Burkina Faso,1977,1015,107,82,2030.5,1056.0,2034.2217807840445,1055.6004780088883,2034.2217807840445,1055.6004780088883
BDI,Burundi,2370,1213,38,41,2389.0,1233.5,2388.3984185761233,1233.1757436643547,2388.3984185761233,1233.1757436643547
CPV,Cabo Verde,1751,991,48,44,1775.0,1013.0,1761.5050856294442,1000.5344177550212,1761.5050856294442,1000.5344177550212
KHM,Cambodia,3204,1019,77,66,3242.5,1052.0,3243.8343406510376,1051.775778935466,3243.8343406510376,1051.775778935466
CMR,Cameroon,2137,1038,104,147,2189.0,1111.5,2202.8622005233105,1110.7846238435545,2202.8622005233105,1110.7846238435545
CAN,Canada,436,241,1022,489,947.0,485.5,791.5420378772193,547.9888159004438,791.5420378772193,547.9888159004438
CAF,Central African Republic,2204,1062,165,116,2286.5,1120.0,2282.7590306763746,1119.405042824532,2282.7590306763746,1119.405042824532
TCD,Chad,2193,920,137,199,2261.5,1019.5,2258.9419508742453,1018.9443680540437,2258.9419508742453,1018.9443680540437
CHL,Chile,795,1386,506,454,1048.0,1613.0,1234.5298988764614,1600.970991826488,1234.5298988764614,1600.970991826488
CHN,China,2877,577,713,447,3233.5,800.5,3169.893440568964,774.7848807139549,3169.893440568964,774.7848807139549
COL,Colombia,1110,1032,186,220,1203.0,1142.0,1222.1304780771115,1147.864531211377,1222.1304780771115,1147.864531211377
COM,Comoros,2532,1316,32,29,2548.0,1330.5,2553.387080621532,1333.769602935466,2553.387080621532,1333.769602935466
COG,Republic of the Congo,2166,1144,103,117,2217.5,1202.5,2230.8172015827586,1202.1102650424878,2230.8172015827586,1202.1102650424878
COD,Democratic Republic of the Congo,2179,1126,234,231,2296.0,1241.5,2303.2442842871797,1240.6571168995542,2303.2442842871797,1240.6571168995542
CRI,Costa Rica,1049,1059,69,82,1083.5,1100.0,1096.4377595669014,1085.200852940799,1096.4377595669014,1085.200852940799
CIV,Ivory Coast,1942,1065,86,89,1985.0,1109.5,1983.2300209617715,1109.1112812487102,1983.2300209617715,1109.1112812487102
HRV,Croatia,2194,657,84,64,2236.0,689.0,2222.3255353770446,685.5665867719107,2222.3255353770446,685.5665867719107
CUB,Cuba,1073,922,141,56,1143.5,950.0,1161.0776069130993,949.8196029383104,1161.0776069130993,949.8196029383104
CYP,Cyprus,2407,786,38,24,2426.0,798.0,2423.238505920564,797.526547382044,2423.238505920564,797.526547382044
CZE,Czechia,2177,606,94,45,2224.0,628.5,2224.498824325037,628.0482164280884,2224.498824325037,628.0482164280884
DNK,Denmark,2132,530,97,53,2180.5,556.5,2153.363616001023,554.3897418239994,2153.363616001023,554.3897418239994
DJI,Djibouti,2515,1042,36,37,2533.0,1060.5,2531.513367776082,1060.182077508266,2531.513367776082,1060.182077508266
DMA,Dominica,1340,1009,20,22,1350.0,1020.0,1350.0252761593526,1019.1605751580439,1350.0252761593526,1019.1605751580439
DOM,Dominican Republic,1221,960,59,44,1250.5,982.0,1250.1301633662645,981.0312788991992,1250.1301633662645,981.0312788991992
ECU,Ecuador,993,1168,208,93,1097.0,1214.5,1157.331279738232,1215.0183143822214,1157.331279738232,1215.0183143822214
EGY,Egypt,2321,826,156,127,2399.0,889.5,2383.236419401957,889.4647418311105,2383.236419401957,889.4647418311105
SLV,El Salvador,1015,1022,44,32,1037.0,1038.0,1036.380988092199,1037.5824999935985,1036.380988092199,1037.5824999935985
GNQ,Equatorial Guinea,2104,1144,82,76,2145.0,1182.0,2167.1674424578327,1176.1140473799105,2167.1674424578327,1176.1140473799105
ERI,Eritrea,2454,982,94,81,2501.0,1022.5,2481.3094010916993,1021.9314084920883,2481.3094010916993,1021.9314084920883
EST,Estonia,2288,508,90,41,2333.0,528.5,2338.055622728091,528.0598807153771,2338.055622728091,528.0598807153771
SWZ,eSwatini,2390,1479,32,35,2406.0,1496.5,2405.8066740651866,1496.6279687566212,2405.8066740651866,1496.6279687566212
ETH,Ethiopia,2415,1017,188,148,2509.0,1091.0,2491.381363884166,1090.7978518527993,2491.381363884166,1090.7978518527993
FJI,Fiji,0,1329,4096,122,2048.0,1390.0,4073.082588407354,1397.1001584981327,4073.082588407354,1397.1001584981327
FIN,Finland,2275,389,141,134,2345.5,456.0,2359.9300624005728,455.7494640526216,2359.9300624005728,455.7494640526216
FRA,France,1337,605,1356,842,2015.0,1026.0,2072.889902777043,663.257886532266,2072.889902777043,663.257886532266
GAB,Gabon,2139,1160,83,88,2180.5,1204.0,2181.5045699899715,1203.9418251605325,2181.5045699899715,1203.9418251605325
GMB,Gambia,1849,1029,51,26,1874.5,1042.0,1884.8372932967363,1041.7177510855104,1884.8372932967363,1041.7177510855104
GEO,Georgia,2495,691,93,46,2541.5,714.0,2544.491664210927,713.5350856135103,2544.491664210927,713.5350856135103
DEU,Germany,2107,560,121,106,2167.5,613.0,2167.2530616846716,613.4314571719104,2167.2530616846716,613.4314571719104
GHA,Ghana,2003,1060,68,90,2037.0,1105.0,2035.7437923593172,1104.1923831011545,2035.7437923593172,1104.1923831011545
GRC,Greece,2263,712,115,96,2320.5,760.0,2297.7726703569033,750.1332603505771,2297.7726703569033,750.1332603505771
GRD,Grenada,1337,1044,21,23,1347.5,1055.5,1346.2473290444902,1056.7302510876434,1346.2473290444902,1056.7302510876434
GTM,Guatemala,990,984,63,63,1021.5,1015.5,1020.7365066608686,1015.1948344206218,1020.7365066608686,1015.1948344206218
GIN,Guinea,1868,1042,102,80,1919.0,1082.0,1937.9086866316454,1081.6595844835542,1937.9086866316454,1081.6595844835542
GNB,Guinea-Bissau,1850,1042,52,37,1876.0,1060.5,1884.6818437187626,1060.3885844195547,1884.6818437187626,1060.3885844195547
GUY,Guyana,1341,1089,73,101,1377.5,1139.5,1377.208819079084,1139.3422789347546,1377.208819079084,1139.3422789347546
HTI,Haiti,1192,958,50,41,1217.0,978.5,1225.5752716698767,978.693158559288,1225.5752716698767,978.693158559288
HND,Honduras,1023,988,88,68,1067.0,1022.0,1055.511274307088,1029.6358865749328,1055.511274307088,1029.6358865749328
HUN,Hungary,2223,634,94,49,2270.0,658.5,2265.5339211593378,658.1135555527103,2265.5339211593378,658.1135555527103
ISL,Iceland,1761,429,142,53,1832.0,455.5,1837.8792018756765,455.51265849457735,1837.8792018756765,455.51265849457735
IND,India,2815,783,350,344,2990.0,955.0,2960.799364119431,946.7818714567104,2960.799364119431,946.7818714567104
IDN,Indonesia,3121,1119,540,209,3391.0,1223.5,3337.389280805959,1193.4730751658662,3337.389280805959,1193.4730751658662
IRN,Iran,2541,734,236,185,2659.0,826.5,2663.259928236189,825.7801608760882,2663.259928236189,825.7801608760882
IRQ,Iraq,2481,761,128,112,2545.0,817.0,2531.4657513465886,816.6804050887104,2531.4657513465886,816.6804050887104
IRL,Ireland,1921,556,68,62,1955.0,587.0,1957.452891336545,586.9105751608884,1957.452891336545,586.9105751608884
ISR,Israel,2430,807,35,61,2447.5,837.5,2442.384717531936,836.8791960632884,2442.384717531936,836.8791960632884
ITA,Italy,2115,651,153,149,2191.5,725.5,2192.4071491064988,711.1965947619549,2192.4071491064988,711.1965947619549
JAM,Jamaica,1148,976,42,26,1169.0,989.0,1169.9106017406393,988.5110381283548,1169.9106017406393,988.5110381283548
JPN,Japan,3439,669,370,259,3624.0,798.5,3678.86398189845,700.1642788693327,3678.86398189845,700.1642788693327
JOR,Jordan,2438,807,66,65,2471.0,839.5,2461.00997540216,838.8852673535994,2461.00997540216,838.8852673535994
KAZ,Kazakhstan,2569,556,482,186,2810.0,649.0,2802.6413423495032,648.4096678229326,2802.6413423495032,648.4096678229326
KEN,Kenya,2426,1129,108,128,2480.0,1193.0,2474.0741266073146,1192.9051168995543,2474.0741266073146,1192.9051168995543
KIR,Kiribati,54,1133,4015,201,2061.5,1233.5,274.26563080768165,1258.6205288618662,274.26563080768165,1258.6205288618662
PRK,North Korea,3453,697,91,78,3498.5,736.0,3490.06964984446,735.6559512120882,3490.06964984446,735.6559512120882
KOR,South Korea,3458,747,99,79,3507.5,786.5,3504.481288002219,779.8277547804438,3504.481288002219,779.8277547804438
KWT,Kuwait,2569,844,39,35,2588.5,861.5,2587.5085327851502,861.1350215509326,2587.5085327851502,861.1350215509326
KGZ,Kyrgyzstan,2828,694,142,64,2899.0,726.0,2902.1269033086305,725.6215520824883,2902.1269033086305,725.6215520824883
LAO,Laos,3179,931,103,114,3230.5,988.0,3239.065855128655,987.5284780088884,3239.065855128655,987.5284780088884
LVA,Latvia,2279,526,99,44,2328.5,548.0,2325.4276311056133,547.6348738389325,2325.4276311056133,547.6348738389325
LBN,Lebanon,2439,792,34,36,2456.0,810.0,2456.5411258209956,809.310436340621,2456.5411258209956,809.310436340621
LSO,Lesotho,2347,1512,45,40,2369.5,1532.0,2368.447859815235,1531.6229363427547,2368.447859815235,1531.6229363427547
LBR,Liberia,1909,1089,64,65,1941.0,1121.5,1937.803996320885,1121.2153807815102,1937.803996320885,1121.2153807815102
LBY,Libya,2146,809,197,173,2244.5,895.5,2244.0574796259566,894.9466539349329,2244.0574796259566,894.9466539349329
LIE,Liechtenstein,2148,649,18,19,2157.0,658.5,2156.488281361913,658.1207580956439,2156.488281361913,658.1207580956439
LTU,Lithuania,2278,544,84,47,2320.0,567.5,2322.73775353513,566.9235868046217,2322.73775353513,566.9235868046217
LUX,Luxembourg,2105,616,26,25,2118.0,628.5,2117.0074737411137,627.9732511516434,2117.0074737411137,627.9732511516434
MDG,Madagascar,2532,1323,100,172,2582.0,1409.0,2579.6672484514356,1408.2163622001772,2579.6672484514356,1408.2163622001772
MWI,Malawi,2412,1293,54,106,2439.0,1346.0,2431.843734164024,1345.7108113407994,2431.843734164024,1345.7108113407994
MYS,Malaysia,3174,1103,240,91,3294.0,1148.5,3209.802312083247,1149.2756214613328,3209.802312083247,1149.2756214613328
MDV,Maldives,2867,1106,29,106,2881.5,1159.0,2884.6519582441265,1146.8859762455668,2884.6519582441265,1146.8859762455668
MLI,Mali,1900,902,205,186,2002.5,995.0,2039.4204731464245,994.3532580977767,2039.4204731464245,994.3532580977767
MLT,Malta,2201,776,22,20,2212.0,786.0,2212.273963343645,786.2612696063992,2212.273963343645,786.2612696063992
MHL,Marshall Islands,3921,1020,93,132,3967.5,1086.0,3946.5740816404887,1067.722380720355,3946.5740816404887,1067.722380720355
MRT,Mauritania,1846,876,156,160,1924.0,956.0,1917.3529793288167,955.6031677553773,1917.3529793288167,955.6031677553773
MUS,Mauritius,2683,1304,96,133,2731.0,1370.5,2703.1666125232846,1425.1080288654211,2703.1666125232846,1425.1080288654211
MEX,Mexico,693,814,378,224,882.0,926.0,884.5294988100795,925.8181242424881,884.5294988100795,925.8181242424881
FSM,Federated States of Micronesia,3611,1075,301,118,3761.5,1134.0,3848.504469491869,1116.3302510876438,3848.504469491869,1116.3302510876438
MDA,Moldova,2343,635,57,51,2371.5,660.5,2375.941807476915,660.2181689742215,2375.941807476915,660.2181689742215
MCO,Monaco,2124,689,18,17,2133.0,697.5,2132.2288843509386,696.9843877612959,2132.2288843509386,696.9843877612959
MNG,Mongolia,3038,594,383,137,3229.5,662.5,3247.31364312482,661.5188900408882,3247.31364312482,661.5188900408882
MNE,Montenegro,2250,691,39,36,2269.5,709.0,2267.4710628637345,708.8195120412439,2267.4710628637345,708.8195120412439
MAR,Morocco,1846,778,199,182,1945.5,869.0,1935.288358891039,868.354788124444,1935.288358891039,868.354788124444
MOZ,Mozambique,2384,1306,138,203,2453.0,1407.5,2442.479635373172,1406.719612268088,2442.479635373172,1406.719612268088
MMR,Myanmar,3089,862,119,230,3148.5,977.0,3139.2230710108006,975.5097800931549,3139.2230710108006,975.5097800931549
NAM,Namibia,2173,1380,171,153,2258.5,1456.5,2244.081998676952,1455.8719177557323,2244.081998676952,1455.8719177557323
NRU,Nauru,3939,1192,18,18,3948.0,1201.0,3947.3210954185224,1200.597380716088,3947.3210954185224,1200.597380716088
NPL,Nepal,2951,841,109,63,3005.5,872.5,2993.5286787491523,871.8036967537766,2993.5286787491523,871.8036967537766
NLD,Netherlands,1262,577,877,490,1700.5,822.0,2110.764450083067,601.820364578133,2110.764450083067,601.820364578133
NZL,New Zealand,15,1284,4077,518,2053.5,1543.0,3996.2663965613797,1690.686269604977,3996.2663965613797,1690.686269604977
NIC,Nicaragua,1042,1016,74,66,1079.0,1049.0,1074.5396000227881,1048.510806641777,1074.5396000227881,1048.510806641777
NER,Niger,2042,919,197,152,2140.5,995.0,2160.4478386765813,994.3773645823989,2160.4478386765813,994.3773645823989
NGA,Nigeria,2070,1029,154,126,2147.0,1092.0,2138.255691854317,1091.3994849507549,2138.255691854317,1091.3994849507549
MKD,North Macedonia,2273,705,46,34,2296.0,722.0,2295.2507294048964,721.2925277752879,2295.2507294048964,721.2925277752879
NOR,Norway,1936,268,504,1555,2188.0,1045.5,2306.2411487756835,286.1309455303106,2306.2411487756835,286.1309455303106
OMN,Oman,2631,886,107,128,2684.5,950.0,2696.1311241047556,957.8117325653325,2696.1311241047556,957.8117325653325
PAK,Pakistan,2732,765,202,169,2833.0,849.5,2845.430721634665,849.0091076380439,2845.430721634665,849.0091076380439
PLW,Palau,3532,1095,58,75,3561.0,1132.5,3579.2314774002616,1108.8295566449774,3579.2314774002616,1108.8295566449774
PAN,Panama,1095,1077,84,45,1137.0,1099.5,1121.0830857629473,1098.8975312156438,1121.0830857629473,1098.8975312156438
PNG,Papua New Guinea,3643,1202,189,134,3737.5,1269.0,3690.516331238072,1270.2140150499545,3690.516331238072,1270.2140150499545
PRY,Paraguay,1327,1406,113,112,1383.5,1462.0,1382.7189879062157,1461.34607523271,1382.7189879062157,1461.34607523271
PER,Peru,1115,1187,161,225,1195.5,1299.5,1185.932514929788,1299.1535506318214,1185.932514929788,1299.1535506318214
PHL,Philippines,3371,946,127,205,3434.5,1048.5,3473.002129212307,1107.0804825713772,3473.002129212307,1107.0804825713772
POL,Poland,2201,563,131,83,2266.5,604.5,2265.955807081319,603.9333564814215,2265.955807081319,603.9333564814215
PRT,Portugal,1684,707,302,155,1835.0,784.5,1953.6603300517133,744.504011946666,1953.6603300517133,744.504011946666
QAT,Qatar,2617,889,27,35,2630.5,906.5,2629.8361426578613,906.0846492330656,2629.8361426578613,906.0846492330656
ROU,Romania,2270,637,125,70,2332.5,672.0,2323.8863640092563,671.7247511551997,2323.8863640092563,671.7247511551997
RUS,Russia,0,255,4096,480,2048.0,495.0,3053.653006666101,518.0915163761771,3053.653006666101,518.0915163761771
RWA,Rwanda,2368,1199,40,37,2388.0,1217.5,2389.1142762554055,1216.8228622620436,2389.1142762554055,1216.8228622620436
KNA,Saint Kitts and Nevis,1325,989,20,20,1335.0,999.0,1334.0504445492163,997.633028863999,1334.0504445492163,997.633028863999
LCA,Saint Lucia,1345,1026,19,22,1354.5,1037.0,1354.2092709916355,1036.3658992355547,1354.2092709916355,1036.3658992355547
VCT,Saint Vincent and the Grenadines,1341,1034,21,26,1351.5,1047.0,1351.7135863342967,1043.7612696063993,1351.7135863342967,1043.7612696063993
WSM,Samoa,74,1340,32,24,90.0,1352.0,86.12328059019703,1349.807102941866,86.12328059019703,1349.807102941866
SMR,San Marino,2181,686,18,18,2190.0,695.0,2189.519017139984,694.7933099747548,2189.519017139984,694.7933099747548
STP,São Tomé and Principe,2114,1167,28,36,2128.0,1185.0,2123.106839077843,1192.214510347377,2123.106839077843,1192.214510347377
SAU,Saudi Arabia,2433,821,257,196,2561.5,919.0,2556.1654309651713,918.8222683989327,2556.1654309651713,918.8222683989327
SEN,Senegal,1840,997,88,67,1884.0,1030.5,1881.2331273769025,1029.8188425557328,1881.2331273769025,1029.8188425557328
SRB,Republic of Serbia,2254,661,65,62,2286.5,692.0,2286.901938164727,691.7043206030215,2286.901938164727,691.7043206030215
SYC,Seychelles,2566,1230,131,85,2631.5,1272.5,2575.355432767884,1300.9533992391102,2575.355432767884,1300.9533992391102
SLE,Sierra Leone,1889,1073,51,52,1914.5,1099.0,1912.7160437286213,1098.4147684863992,1912.7160437286213,1098.4147684863992
SGP,Singapore,3219,1170,21,19,3229.5,1179.5,3229.3608270502855,1179.1411307178662,3229.3608270502855,1179.1411307178662
SVK,Slovakia,2232,622,81,38,2272.5,641.0,2271.516892277982,640.8572835612438,2271.516892277982,640.8572835612438
SVN,Slovenia,2192,653,53,34,2218.5,670.0,2214.2968890400402,669.5798622606216,2214.2968890400402,669.5798622606216
SLB,Solomon Islands,3809,1262,169,82,3893.5,1303.0,3870.130085831235,1303.7649733119988,3870.130085831235,1303.7649733119988
SOM,Somalia,2506,1050,136,173,2574.0,1136.5,2579.992213117286,1136.3219582975992,2579.992213117286,1136.3219582975992
ZAF,South Africa,2227,1438,262,300,2358.0,1588.0,2345.1977005974354,1518.6442418972433,2345.1977005974354,1518.6442418972433
SSD,South Sudan,2314,1048,152,116,2390.0,1106.0,2379.295777647626,1105.2618877269322,2379.295777647626,1105.2618877269322
ESP,Spain,1833,688,273,201,1969.5,788.5,2008.444866125586,740.6992881607108,2008.444866125586,740.6992881607108
LKA,Sri Lanka,2946,1075,43,61,2967.5,1105.5,2965.814969348527,1105.0223807146656,2965.814969348527,1105.0223807146656
SDN,Sudan,2288,934,208,171,2392.0,1019.5,2386.799715272224,1018.8732245390216,2386.799715272224,1018.8732245390216
SUR,Suriname,1379,1118,64,65,1411.0,1150.5,1409.4938965296244,1149.9971967544882,1409.4938965296244,1149.9971967544882
SWE,Sweden,2166,401,166,173,2249.0,487.5,2217.5871148314845,487.0311770111995,2217.5871148314845,487.0311770111995
CHE,Switzerland,2108,643,68,39,2142.0,662.5,2143.8805391706474,662.0507025464883,2143.8805391706474,662.0507025464883
SYR,Syria,2446,762,93,74,2492.5,799.0,2486.7478620301827,798.6274687146656,2486.7478620301827,798.6274687146656
TJK,Tajikistan,2806,720,106,66,2859.0,753.0,2855.003505618135,752.5133611064882,2855.003505618135,752.5133611064882
TZA,United Republic of Tanzania,2374,1198,143,139,2445.5,1267.5,2437.2208502283643,1266.962406217955,2437.2208502283643,1266.962406217955
THA,Thailand,3148,954,111,186,3203.5,1047.0,3205.0406211965847,1046.38713537991,3205.0406211965847,1046.38713537991
TLS,East Timor,3451,1279,55,33,3478.5,1295.5,3478.9145991692603,1295.7135844238214,3478.9145991692603,1295.7135844238214
TGO,Togo,2038,1060,39,74,2057.5,1097.0,2059.549851824957,1096.4255393507542,2059.549851824957,1096.4255393507542
TON,Tonga,35,1364,43,94,56.5,1411.0,53.66566039099869,1435.4895103431104,53.66566039099869,1435.4895103431104
TTO,Trinidad and Tobago,1335,1058,33,31,1351.5,1073.5,1351.0023372497903,1075.882797385955,1351.0023372497903,1075.882797385955
TUN,Tunisia,2125,762,64,98,2157.0,811.0,2148.838119865398,810.1954675882662,2148.838119865398,810.1954675882662
TUR,Turkey,2332,708,235,88,2449.5,752.0,2451.6668951623474,751.3765347157328,2451.6668951623474,751.3765347157328
TKM,Turkmenistan,2637,700,178,104,2726.0,752.0,2719.4631504946074,751.3193714574215,2719.4631504946074,751.3193714574215
TUV,Tuvalu,4044,1251,52,60,4070.0,1281.0,4081.0310634641833,1279.7686770119103,4081.0310634641833,1279.7686770119103
UGA,Uganda,2376,1139,79,81,2415.5,1179.5,2419.8724673631395,1178.9634219975105,2419.8724673631395,1178.9634219975105
UKR,Ukraine,2292,591,222,98,2403.0,640.0,2401.409876453973,639.5305451406211,2401.409876453973,639.5305451406211
ARE,United Arab Emirates,2627,890,72,56,2663.0,918.0,2675.3378376324317,917.5879872284438,2675.3378376324317,917.5879872284438
GBR,United Kingdom,1884,494,193,142,1980.5,565.0,2026.2496460759596,576.6929825735103,2026.2496460759596,576.6929825735103
USA,United States of America,2,374,4094,615,2049.0,681.5,913.6534436683138,770.8858066431993,913.6534436683138,770.8858066431993
URY,Uruguay,1375,1529,78,73,1414.0,1565.5,1412.907739151558,1564.747459453155,1412.907739151558,1564.747459453155
UZB,Uzbekistan,2677,668,212,113,2783.0,724.5,2769.232556707835,723.9517372643552,2769.232556707835,723.9517372643552
VUT,Vanuatu,3935,1335,55,99,3962.5,1384.5,3963.497059606638,1395.7705288647107,3963.497059606638,1395.7705288647107
VEN,Venezuela,1205,1008,171,188,1290.5,1102.0,1303.7757943879897,1121.6141666645321,1303.7757943879897,1121.6141666645321
VNM,Vietnam,3202,921,101,185,3252.5,1013.5,3275.125810187719,1013.0496955335104,3275.125810187719,1013.0496955335104
YEM,Yemen,2524,971,154,95,2601.0,1018.5,2588.283500118903,1014.8705288647101,2588.283500118903,1014.8705288647101
ZMB,Zambia,2290,1280,150,129,2365.0,1344.5,2337.1689542878407,1344.005718749866,2337.1689542878407,1344.005718749866
ZWE,Zimbabwe,2327,1364,106,94,2380.0,1411.0,2381.6905590387823,1410.9311909717326,2381.6905590387823,1410.9311909717326
VAT,Vatican,2182,710,17,17,2190.5,718.5,2189.6917521025657,717.901054509511,2189.6917521025657,717.901054509511
PSE,Palestine,2429,816,33,33,2445.5,832.5,2449.3582712569796,831.238973967641,2449.3582712569796,831.238973967641
